30001,John Doe,2022
30002,Jane Smith,2021
30003,XYZ Corporation,2020
30004,ABC Inc.,2023
30005,DEF Ltd.,2022
30006,GHI Pvt. Ltd.,2021
30007,JKL LLC,2023
30008,MNO Co.,2022
30009,PQR Corp.,2021
30010,STU GmbH,2023
30011,VWX S.A.,2022
30012,YZ Company,2021
30013,Alpha Enterprises,2023
30014,Beta Industries,2022
30015,Gamma Solutions,2021
30016,Delta Services,2023
30017,Epsilon Systems,2022
30018,Zeta Technologies,2021
30019,Eta Innovations,2023
30020,Theta Creations,2022
30021,Iota Designs,2021
30022,Kappa Productions,2023
30023,Lambda Developments,2022
30024,Mu Creations,2021
30025,Nu Innovations,2023
30026,Xi Designs,2022
30027,Omicron Productions,2021
30028,Pi Developments,2023
30029,Rho Creations,2022
30030,Sigma Innovations,2021
30031,Tau Designs,2023
30032,Upsilon Productions,2022
30033,Phi Developments,2021
30034,Chi Creations,2023
30035,Psi Innovations,2022
30036,Omega Designs,2021
30037,Aether Productions,2023
30038,Hemera Developments,2022
30039,Nyx Creations,2021
30040,Erebus Innovations,2023
30041,Chaos Designs,2022
30042,Tartarus Productions,2021
30043,Eros Developments,2023
30044,Aphrodite Creations,2022
30045,Apollo Innovations,2021
30046,Ares Designs,2023
30047,Artemis Productions,2022
30048,Athena Developments,2021
30049,Demeter Creations,2023
30050,Dionysus Innovations,2022
