keyword_id,article_keyword
60001,regression
60002,Heterogeneous Ensemble Learning Method
60003,offspring generation
60004,hoist mutation operator
60005,multiobjective search
60006,high-dimensional symbolic regression
60007,capacitated arc routing
60008,ranking-based competitive swarm optimizer
60009,multi-tree genetic programming
60010,sparse coding-based transformer
60011,feature-based transfer learniing
60012,bi-search evolutionary algorithm
60013,multimodal multi-objective evolutionary algorithm
60014,dynamic flexible scheduling
60015,fine-grained image classification
60016,filter-based performance predictor
60017,Trainer-Based Deep Q-Network
60018, Grammar-Guided Linear Genetic
60019,Graph Regularisation
60020,Transductive Transfer Learning
60021,Mapping RDF
60022,GIS Data
60023,Efficient Skyline Computation
60024,Laplace's equation
60025,Systematic Review
60026,Big data
60027,Cloud-Based Intrusion
60028,prompt diphoton production
60029,Sparsity-certifying Graph
60030,Earth-Moon system based
60031,Stirling cycle numbers
60032,dyadic
60033,Bosonic characters
60034,Polymer Quantum Mechanics
60035,ramp compression
60036,Spitzer c2d
60037,Partial cubes
60038,Hilbert-Siegel modular
60039,Half Integral Weight Modulo Primes
60040,$p$-adic
60041,Iterated integral
60042,pure spinor formalism
60043,charmed baryons
60044,Polar EX Hydrae
60045,Callias index
60046,Grobner basis
60047,Hadronic Form Factor
60048,Allosterically Regulated Enzymes
60049,Stochastic Lie
60050,ALMA
